{"cameraMode":{"drawMode":0,"name":"Shaded","section":"Shading Mode"},"sceneLighting":false,"audioPlay":false,"sceneViewState":{"showFog":true,"showMaterialUpdate":false,"showSkybox":false,"showFlares":true,"showImageEffects":true,"showParticleSystems":true,"showVisualEffectGraphs":true,"m_FxEnabled":true},"in2DMode":false,"pivot":{"x":418.86199951171877,"y":152.82696533203126,"z":-10.70425796508789},"rotation":{"x":-0.00481003662571311,"y":-0.009901955723762513,"z":0.00006533286068588495,"w":-0.9999616742134094},"size":130.3024139404297,"orthographic":false}