{"cameraMode":{"drawMode":0,"name":"Shaded","section":"Shading Mode"},"sceneLighting":false,"audioPlay":false,"sceneViewState":{"showFog":true,"showMaterialUpdate":false,"showSkybox":false,"showFlares":true,"showImageEffects":true,"showParticleSystems":true,"showVisualEffectGraphs":true,"m_FxEnabled":true},"in2DMode":false,"pivot":{"x":-0.09799998998641968,"y":2.009999990463257,"z":0.8889999389648438},"rotation":{"x":-0.3581320345401764,"y":0.014563143253326416,"z":-0.005581937730312347,"w":-0.9335492253303528},"size":0.8660253882408142,"orthographic":false}